A64-D936;QUARTIER IBARRE;3
A64-D936;BRISCOUS;5
A64-D936;URT;4
AAST;GARDERES;2.5
ABIDOS;LAGOR;3
ADE;LOURDES;4.5
ADE;BARTRES;2.5
AGOS-VIDALOS;VIGER;5
AHETZE;SAINT-PEE-SUR-NIVELLE;7
AHETZE;BIDART;4
AINHOA;D918-D20;4.5
ALCAY;COL D'AHUSQUY;12
ALCAY;TARDETS;5
ALCAY;LACARRY;1.5
ALDUDES;UREPEL;3.5
AMENDEUIX;GABAT;2.5
ANDOINS;ARTIGUELOUTAN;3.5
ANDOINS;MORLAAS;6
ANDOINS;OUSSE;6
ANDREIN;SAUVETERRE-DE-BEARN;4.5
ANDREIN;LAAS;5.5
ANDREST;BAZET;4
ANDREST;SIARROUY;2
ANGAIS;LE HAMEAU D'OUSSE;4
ANGAIS;SUD D'ANGAIS;2
ANGAIS;MIRASSOU;1.5
ANOYE;BALEIX;2.5
ANOYE;SIMACOURBE;7
ARAMITS;D918-D919;1
ARBEOST;COL DU SOULOR;8.5
ARBUS;ARTIGUELOUVE;3.5
ARCANGUES;BASSUSSARY;1.5
ARCIZAC-ADOUR;HORGUES;4
ARCIZAC-ADOUR;HIBARETTE;6
ARCIZACQ-EZ-ANGLES;LOURDES;5
ARCIZACQ-EZ-ANGLES;ESCOUBES-POUTS;2
ARETTE;ARAMITS;3.5
ARGAGNON;N117-D31;5
ARGAGNON;THIOU;4
ARGELES-GAZOST;PIERREFITE-NESTALAS;5.5
ARGELES-GAZOST;AGOS-VIDALOS;6
ARGELES-GAZOST;SAINT-SAVIN;3
ARMENDARITS;D14-D245;5
ARNEGUY;VALCARLOS;3
ARRAS-EN-LAVEDAN;ARGELES-GAZOST;3
ARRAUTE-CHARITTE;MASPARRAUTE;1.5
ARRENS;AUCUN;3
ARRENS;ESTAING;6.5
ARRIEN;ESLOURENTIES;2
ARRIEN;SAUBOLE;4
ARROS-DE-NAY;PARDIES-PIETAT;2
ARTHEZ-D'ASSON;BRUGES;7.5
ARTHEZ-D'ASSON;PONT LATAPIE;4
ARTHEZ-D'ASSON;FERRIERES;10
ARTHEZ-DE-BEARN;CASTILLON;4
ARTHEZ-DE-BEARN;N117-D31;6
ARTHEZ-DE-BEARN;ARTIX;10
ARTIGUELOUTAN;LE HAMEAU D'OUSSE;3
ARTIGUELOUVE;D2-D501;1.5
ARTIX;URDES;6.5
ARTIX;OS-MARSILLON;4.5
ARTIX;CESCAU;6.5
ARTIX;DENGUIN;6.5
ARUDY;SEVIGNACQ-MEYRACQ;2.5
ARUDY;BUZY;4
ARUDY;SAINT-CHRISTAU;18
ARZACQ-ARRAZIGUET;MERACQ;4.5
ASASP-ARROS;N134-D918;2
ASASP-ARROS;OLORON;9.5
ASCAIN;MOULIN NEUF;4
ASCAIN;COL DE SAINT-IGNACE;3.5
ASCAIN;OLHETTE;4.5
ASSAT;BORDES;2
ASSAT;PONT D'ASSAT;2
ASSAT;MEILLON;2
ASSAT;LE HAMEAU D'OUSSE;3.5
ASSON;NAY;5
ASSON;IGON;3
ASSON;PONT LATAPIE;2
AUBERTIN;ARTIGUELOUVE;7
AUBERTIN;LACOMMANDE;5.5
AUCHAN;OUSSE;5
AUCHAN;PAU;3.5
AUCHOTEA;HASPARREN;3
AUCHOTEA;LA BASTIDE-CLAIRENCE;5
AUCUN;ARRAS-EN-LAVEDAN;6
AUSSURUCQ;SAUGUIS;6
AUTERRIVE;CARRESSE;1.5
AUTEVIELLE;ESCOS;7.5
AZEREIX;OSSUN;3.5
BALEIX;D7-D42;5
BALEIX;ANOYE;3.5
BANCA;ALDUDES;7
BARCUS;ESQUIULE;6
BARDOS;GUICHE;7
BARDOS;TELERIA;10.5
BARTHES (SUR L'ADOUR);BAYONNE;6
BARTHES (SUR L'ADOUR);QUARTIER NEUF DE SAINT-MARTIN-DE-SEIGNANX;4
BARTRES;LOUBAJAC;4
BARTRES;LOURDES;4
BARZUN;LA CORNE;6
BARZUN;ESPOEY;5
BAUDREIX;BORDES;4
BAYONNE;D932-A63;4
BAYONNE;BIARRITZ;8
BAYONNE;MOUGUERRE;6.5
BAYONNE;USTARITZ;12.5
BAZET;TARBES;6.5
BAZET;OURSBELILLE;4.5
BAZILLAC;TOSTAT;3
BEDOU;D945-D49;2.5
BEDOU;D945-D208;6.5
BEDOU;D945-D49;2.5
BEDOUS;ACCOUS;2.5
BEDOUS;COL DE LABAYS;19
BEDOUS;AYDIUS;6.5
BEGUIOS;GARRIS;4.5
BEHOBIE;LA CROIX DES BOUQUETS;3
BELAIR;GAN;11.5
BELAIR;REBENACQ;5
BELAIR;LASSEUBE;8
BENAC;ORINCLES;3.5
BENAC;LOUEY;3
BENEJACQ;LAGOS;2
BENEJACQ;PONTACQ;10
BERENX;ORTHEZ;8
BERENX;PUYOO;6.5
BERRENDIA;USTARITZ;4.5
BERRENDIA;D932-A63;4
BERRIZAUN;YANCI;2
BERRIZAUN;SANTESTEBAN;13
BERROGAIN-LARUNS;CHERAUTE;1
BESCAT;SEVIGNACQ-MEYRACQ;1.5
BESCAT;BUZY;3.5
BESCAT;ARUDY;3
BIARRITZ;BIDART;5
BIARROTTE;MONTPELLIER (SUR L'ADOUR);8.5
BIDACHE;CONSTANTINE;6
BIDACHE;ARRAUTE-CHARITTE;12
BIDACHE;BARDOS;5
BIDART;GUETARY;4
BIELLE;LOUVIE-JUZON;3.5
BIELLE;LARUNS;8
BILHERES;BIELLE;2
BIRON;ORTHEZ;4
BONLOC;HASPARREN;4.5
BORDERES-SUR-L'ECHEZ;TARBES;4
BOURREAC;LEZIGNAN;1.5
BOURREAC;PAREAC;2.5
BRISCOUS;LES SALINES;1.5
BRISCOUS;HASPARREN;8
BRISCOUS;URT;7
BUGNEIN;NAVARRENX;3.5
BUGNEIN;LOUBIENG;10.5
BURGARONNE;SAUVETERRE-DE-BEARN;3.5
BURGIA;BARCUS;1.5
BURGIA;LANNE-EN-BARETOUS;11
BUROS;PAU;9
BUZIET;BUZY;1.5
BUZY;BELAIR;4
CAMALES;BAZILLAC;3.5
CAMALES;ANDREST;6
CAMOU-CIHIGUE;ALCAY;4.5
CARRESSE;SALIES-DE-BEARN;7
CARRESSE;LAHONTAN;7
CASENAVE;LA CORNE;5.5
CASTILLON;TROUBETOT;2.5
CAUTERETS;PONT-D'ESPAGNE;8
CAUTERETS;LA FRUITIERE;6
CAUTERETS;CAMBASQUE;5.5
CAZAUDEHORE (AURIAC);NAVAILLES-ANGOS;6.5
CESCAU;BEDOU;3.5
CESCAU;D945-D208;5
CHALET;MENDIVE;13
CHALET;ESTERENCUBY;20
CHATEAU D'ABBADIE;HENDAYE-PLAGE;2
CHATEAU D'ARTIGAU;SUSMIOU;6
CHATEAU D'ARTIGAU;L'HOPITAL-SAINT-BLAISE;6.5
CHERAUTE;MAULEON-LICHARRE;3
CHERCHEBRUIT;AINHOA;5
CHERCHEBRUIT;SAINT-PEE-SUR-NIVELLE;4.5
CHERCHEBRUIT;DANCHARIA;6.5
CLAVERIE;MONEIN;9
CLAVERIE;LUCQ-DE-BEARN;1
COL D'AHUSQUY;MENDIVE;13
COL D'AHUSQUY;AUSSURUCQ;14
COL D'AHUSQUY;COL DE BAGARGUI;14
COL D'AUBISQUE;COL DU SOULOR;10
COL DE BAGARGUI;CHALET;7
COL DE LABAYS;LA MOULINE;9.5
COL DE LABAYS;COL DU SOUDET;5
COL DE LIZARIETTA;SARE;10.5
COL DE MARIE-BLANQUE;BILHERES;8
COL DE SAINT-IGNACE;SARE;3
COL DE SUSCOUSSE;SAINTE-ENGRACE;6
COL DE SUSCOUSSE;DULON;15
COL DE SUSTARY;BURGIA;10
COL D'IBARDIN;VERA-DE-BIDASSOA;6.5
COL D'ICHERE;PONT-SUZON;4
COL D'ISPEGUY;ERRAZU;9
COL D'OSQUICH;MUSCULDY;6.5
COL DU SOUDET;COL DE SUSCOUSSE;4.5
COL DU SOULOR;ARRENS;8
CONSTANTINE;PEYREHORADE;3
D124-D29;AUTEVIELLE;5.5
D124-D29;D125-D29;3
D125-D29;ESCOS;5
D125-D29;D29-D656;4
D125-D29;ESCOS;5
D125-D29;AUTEVIELLE;5.5
D14-D245;SAINT-ESTEBEN;7
D22-D250;USTARITZ;6
D245-D251;SAINT-ESTEBEN;4.5
D245-D251;ARMENDARITS;3.5
D245-D251;HELETTE;4
D24-D346;GAN;5
D24-D346;LASSEUBE;5.5
D24-D346;AUBERTIN;8
D250-D3;USTARITZ;6
D250-D3;SAINT-PEE-SUR-NIVELLE;7
D250-D3;BASSUSSARY;9
D250-D3;SAINT-PEE-SUR-NIVELLE;7
D250-D3;USTARITZ;5.5
D250-D3;ARCANGUES;7
D255-D755;ARCANGUES;5
D255-D755;D255-D855;3
D255-D855;AHETZE;2.5
D255-D855;LA NEGRESSE;5
D257-D22;MENTACHOURY;2
D257-D22;VILLEFRANQUE;3
D257-D22;D22-D250;6.5
D261-D312;LAHONCE;4
D261-D312;BAYONNE;5
D26-D113;LA CASERNE;5.5
D26-D113;LOGIBAR;6
D26-D759;HAUX;2
D26-D759;D26-D113;3.5
D28-D29;AUTERRIVE;2
D29-D656;LABASTIDE-VILLEFRANCHE;1.5
D29-D656;D125-D29;4
D2-D501;LAROIN;2
D2-D501;N117-D501;1.5
D2-D93;BORDERES-SUR-L'ECHEZ;2
D2-D93;LA BARAQUE;3.5
D2-N134;GAN;6
D33-D2;MONEIN;5.5
D33-D2;ARBUS;6.5
D35-D936;BRUGES;2
D35-D936;ASSON;1
D35-D936;NAY;5
D40-D206;MERACQ;9.5
D40-D206;NAVAILLES-ANGOS;2.5
D40-D206;FICHOU;7
D7-D42;SEDZERE;3.5
D7-D47;SERON;6.5
D7-D47;BALEIX;4
D7-D47;PONTIACQ-VIELLEPINTE;4
D8-D518;IHOLDY;7
D8-D518;SAINT-PALAIS;10.5
D912-D913;CHATEAU D'ABBADIE;5.5
D918-D20;ESPELETTE;1
D918-D20 EST;D932-D918;1
D918-D919;ARETTE;3
D918-D919;LANNE-EN-BARETOUS;2
D921-D12;LUZ-SAINT-SAUVEUR;2
D932-A63;BASSUSSARY;3.5
D932-D918;CAMBO-LES-BAINS;2
D932-D918;SUD DE CAMBO;2
D932-D918;ROND-POINT D932;4
D936-D23;MONTFORT;9
D936-D25;SAINT-GOIN;2.5
D936-D25;L'HOPITAL-SAINT-BLAISE;4.5
D936-D25;PRECHACQ-NAVARRENX;3
D936-D933;D936-D23;0.5
D936-D933;AUTEVIELLE;2.5
D936-D933;SAUVETERRE-DE-BEARN;1
D936-D933;SAINT-PALAIS;10.5
D937-D407;LOUCRUP;2
D937-D936 (MIREPEIX);IGON;4
D937-D936 (MIREPEIX);NAY;1.5
D937-D936 (MIREPEIX);BENEJACQ;3.5
D937-D936 (MIREPEIX);BAUDREIX;3.5
D937-D936 (MIREPEIX);LAGOS;4
D943-D42;D7-D42;3.5
D943-D42;ESCOUBES;3.5
D943-D42;MONASSUT-AUDIRACQ;3
D945-D208;D945-D509;5.5
D945-D49;TROUBETOT;6
D945-D49;TROUBETOT;6
D945-D509;LESCAR;2
DANCHARIA;AINHOA;3
DANCHARIA;ZUGARRAMURDI;5
DENGUIN;N117-D509;5
DOGNEN;PRECHACQ-NAVARRENX;2.5
DULON;LANNE-EN-BARETOUS;8
ELIZONDO;IRURITA;3
ENDERLAZA;BEHOBIE;7.5
ERRAZU;N121-NA260;4
ESCOS;AUTERRIVE;2.5
ESCOS;D28-D29;1.5
ESCOT;COL DE MARIE-BLANQUE;10
ESCOU;HERRERE-DE-BAS;1.5
ESCOUBES;SEVIGNACQ;3.5
ESCOUBES-POUTS;D937-D407;2
ESCOUBES-POUTS;BOURREAC;3.5
ESPELETTE;D918-D20 EST;2.5
ESPOEY;SOUMOULOU;3
ESPOEY;LA CORNE;4
ESQUIULE;OLORON;9
ESTAING;LAC D'ESTAING;4
ESTAING;SIREIX;4
ESTERENCUBY;SAINT-JEAN-PIED-DE-PORT;8
ESTIALESCQ;GOES;4.5
ETCHALAR;COL DE LIZARIETTA;8
ETCHARRY;SAINT-PALAIS;9
ETCHARRY;NABAS;6
ETCHARRY;UNDUREIN;6.5
ETCHEGORRIA;GARRIS;4
ETCHEGORRIA;LABETS-BISCAY;3
EYSUS;OLORON;7
FEAS;ARAMITS;6
FEAS;OLORON;8
FEAS;BURGIA;12
FERRIERES;ARBEOST;3.5
FICHOU;MAZEROLLES;5
FICHOU;ARZACQ-ARRAZIGUET;8.5
GABAS;LAC DE BIOUS-ARTIGUES;4.5
GABAS;COL DU POURTALET;15
GABASTON;SAINT-JAMMES;3.5
GABASTON;D7-D42;2.5
GABAT;D124-D29;3
GAHARDOU;SAINT-MARTIN-D'ARROSSA;1.5
GARDERES;ESLOURENTIES;3.5
GARRIS;SAINT-PALAIS;2.5
GARRIS;AMENDEUIX;2
GARRIS;D14-D245;8.5
GER;LA CORNE;5
GER;CASENAVE;6.5
GERONCE;OLORON;9
GOES;LEDEUIX;4
GOES;ESCOU;5.5
GOTEIN-LIBARRENX;MAULEON-LICHARRE;3.5
GOURETTE;COL D'AUBISQUE;4
GRECIETTE;BONLOC;2.5
GRECIETTE;HELETTE;5.5
GUETARY;AHETZE;5
GUETARY;SAINT-JEAN-DE-LUZ NORD;3
GUICHE;HASTINGUES;6
GURS;D936-D25;4
HAGETAUBIN;PERRIN;4
HASTINGUES;PEYREHORADE;4
HAUT DE MORLAAS;OUSSE;6
HAUT DE MORLAAS;AUCHAN;5.5
HELETTE;IRISSARRY;5.5
HENDAYE;BEHOBIE;2
HENDAYE-PLAGE;HENDAYE;2
HERBOURE;URRUGNE;3.5
HERBOURE;COL D'IBARDIN;4
HERRERE-DE-BAS;BELAIR;7
HERRERE-DE-BAS;OGEU-LES-BAINS;3.5
HIBARETTE;BENAC;2
HIBARETTE;LOUEY;2
HIIS;ARCIZAC-ADOUR;2
HORGUES;LALOUBERE;2
IBOS;AZEREIX;2
IGON;LESTELLE-BETHARRAM;3.5
IHOLDY;ARMENDARITS;2.5
IRISSARRY;IHOLDY;5.5
IRISSARRY;GAHARDOU;7.5
IRISSARRY;LACARRE;10.5
IRURITA;ORONOZ;6.5
ISSOR;ARETTE;5.5
ISSOR;LOURDIOS-ICHERE;6
ISTURITS;AUCHOTEA;7
ITXASSOU;LOUHOSSOA;5
ITXASSOU;ESPELETTE;6
JASSES;DOGNEN;2.5
JASSES;CLAVERIE;7.5
JATXOU;USTARITZ;3
JATXOU;CAMBO-LES-BAINS;5.5
JUILLAN;TARBES;5.5
JUILLAN;OSSUN AEROPORT;2
JUILLAN;AZEREIX;4.5
JULOS;ADE;5
JULOS;LOURDES;6.5
LA BARAQUE;TARBES;5.5
LA BARAQUE;GER;6
LA BARAQUE;IBOS;1.5
LA BASTIDE-CLAIRENCE;QUARTIER IBARRE;2
LA BASTIDE-CLAIRENCE;A64-D936;3
LA BOURGADE;SAINT-DOS;2
LA CORNE;SOUMOULOU;6.5
LA CORNE;GARDERES;4
LA CROIX DES BOUQUETS;URRUGNE;4
LA MOULINE;ARETTE;7.5
LA NEGRESSE;BIDART;3.5
LA NEGRESSE;BIARRITZ;3
LA NEGRESSE;BASSUSSARY;3
LA PIPETTE (N117);BIARROTTE;5.5
LA PIPETTE (N117);LES BARTHES (SUR L'ADOUR);6.5
LA PIPETTE (N117);SAINT-MARTIN-DE-SEIGNANX;4
LAA-MONDRANS;ORTHEZ;5
LAA-MONDRANS;LANNEPLAA (MIGNOT);5.5
LABASTIDE-VILLEFRANCHE;D28-D29;1
LABASTIDE-VILLEFRANCHE;ESCOS;2.5
LABASTIDE-VILLEFRANCHE;BIDACHE;11.5
LABATUT;LAHIRE;2.5
LABETS-BISCAY;GABAT;4.5
LABETS-BISCAY;D124-D29;3
LABOURDETTE;SAUVETERRE-DE-BEARN;3
LABOURDETTE;ORAAS;3
LACOMMANDE;MONEIN;9
LACQ;N117-D31;1.5
LACQ;ABIDOS;2
LACQ;ARTIX;4.5
LAGARDE;OURSBELILLE;2
LAGARDE;TARASTEIX;5.5
LAGOR;MASLACQ;7.5
LAGOS;ANGAIS;4.5
LAGOS;ESPOEY;7.5
LAHERRERE;SUSMIOU;5
LAHIRE;PEYREHORADE;8
LAHONCE;LES SALINES;5
LAHONTAN;LABATUT;4.5
LAHOURCADE;MOURENX;2
LALOUBERE;TARBES;2.5
LALOUBERE;ODOS;2.5
LANNE-EN-BARETOUS;MONTORY;5.5
LANNEPLAA (MIGNOT);L'HOPITAL-D'ORION;8.5
LARCEVEAU;LACARRE;7.5
LARCEVEAU;SAINT-JUST-IBARRE;5.5
LAROIN;D2-N134;6
LARRAU;COL DE BAGARGUI;13.5
LARUNS;LES EAUX-CHAUDES;4
LARUNS;LES EAUX-BONNES;4
LASCLAVERIES;CAZAUDEHORE (AURIAC);2.5
LASSEUBE;ESTIALESCQ;6
LASSEUBE;LACOMMANDE;7
LAVIE;L'HOPITAL-D'ORION;7
LAVIE;BERENX;7
LAYRISSE;BENAC;3.5
LE BOURGUET;CARRESSE;2.5
LEDEUIX;CARDESSE;7.5
LEDEUIX;OLORON;3.5
LEMBEYE;MAUBOURGUET;15
LEMBEYE;MOMY;8.5
LES BARTHES (SUR L'ADOUR);BARTHES (SUR L'ADOUR);5
LES EAUX-BONNES;GOURETTE;8
LES EAUX-CHAUDES;MIEGEBAT;3
LES PINDATS;ARROS-DE-NAY;7
LES SALINES;MOUGUERRE;4.5
LESACA;MACHAIN;2.5
LESCAR;PAU;6.5
LESPOURCY;ARRIEN;5.5
LESPOURCY;BALEIX;3.5
LESPOURCY;D7-D42;2.5
LESTELLE-BETHARRAM;PONT DES GROTTES;1.5
LEZIGNAN;LOURDES;4.5
LEZIGNAN;ARCIZACQ-EZ-ANGLES;1.5
L'HOPITAL-D'ORION;SALIES-DE-BEARN;10
L'HOPITAL-D'ORION;ORION;3.5
L'HOPITAL-SAINT-BLAISE;UHALT;8
L'HOPITAL-SAINT-BLAISE;GURS;6
L'HOPITAL-SAINT-BLAISE;BARCUS;10
LIMENDOUS;ANDOINS;5.5
LIMENDOUS;LOURENTIES;2.5
LOGIBAR;LARRAU;2.5
LOHITZUN;PONT DE QUINQUIL;4.5
LOUBAJAC;PONTACQ;6
LOUBAJAC;LOURDES;6
LOUBIENG;LAA-MONDRANS;3
LOUBIENG;SAUVELADE;7
LOUCRUP;MONTGAILLARD;3.5
LOUCRUP;VISKER;2.5
LOUCRUP;LAYRISSE;4
LOUEY;OSSUN AEROPORT;1
LOUHOSSOA;BIDARRAY;7
LOUHOSSOA;HELETTE;9
LOUHOSSOA;MENDIONDE;6.5
LOURDIOS-ICHERE;COL D'ICHERE;6
LOURENTIES;ESLOURENTIES;1.7
LOUVIE-JUZON;ARUDY;2.5
LOUVIE-JUZON;MIFAGET;11
LUCQ-DE-BEARN;LEDEUIX;11
LUCQ-DE-BEARN;CARDESSE;7.5
LUCQ-DE-BEARN;SAUCEDE;4
LYS;BRUGES;4
LYS;REBENACQ;8
LYS;SEVIGNACQ-MEYRACQ;6.5
MACHAIN;N121-NA440;2
MASLACQ;ARGAGNON;2
MASLACQ;BIRON;6
MASPARRAUTE;ETCHEGORRIA;3
MAUBOURGUET;VIC-EN-BIGORRE;9
MAUCOR;HAUT DE MORLAAS;2
MAULEON-LICHARRE;ROSPIDE;3.5
MAULEON-LICHARRE;VIODOS;3
MAULEON-LICHARRE;LOHITZUN;13
MAYA D'EL BAZTAN;PORT D'OTXONDO;6
MAZEROLLES;BEDOU;2
MEILLON;PAU;7
MENDIONDE;GRECIETTE;2.5
MENDIVE;SAINT-JEAN-LE-VIEUX;6.5
MENTACHOURY;MOUGUERRE;2
MENTACHOURY;BAYONNE;9
MERACQ;THEZE;4
MIEGEBAT;GABAS;5
MIFAGET;BRUGES;2
MIRASSOU;ASSAT;2
MOMY;ANOYE;3.5
MONASSUT-AUDIRACQ;ANOYE;9
MONASSUT-AUDIRACQ;SIMACOURBE;4
MONCAYOLLE;UNDUREIN;5
MONCAYOLLE;CHATEAU D'ARTIGAU;3.5
MONCAYOLLE;BERROGAIN-LARUNS;3.5
MONEIN;CARDESSE;9
MONEIN;LAHOURCADE;5.5
MONEIN;ARBUS;9
MONTANER;PONSON-DESSUS;6
MONTANER;SIARROUY;6
MONTESTRUCQ;LANNEPLAA (MIGNOT);4
MONTFORT;VIELLENAVE-DE-NAVARRENX;4.5
MONTFORT;NARP;2
MONTFORT;NABAS;7
MONTGAILLARD;POUZAC;4.5
MONTGAILLARD;HIIS;2.5
MONTORY;HAUX;6
MONTORY;TARDETS;4.5
MONTPELLIER (SUR L'ADOUR);URT;1
MONTPELLIER (SUR L'ADOUR);LES BARTHES (SUR L'ADOUR);2.5
MORLAAS;HAUT DE MORLAAS;2
MORLAAS;SAINT-JAMMES;2
MORLAAS;ARRIEN;10.5
MORLANNE;PEYROU;3
MOULIN NEUF;SAINT-PEE-SUR-NIVELLE;3
MOULIN NEUF;SAINT-JEAN-DE-LUZ NORD;10
MOURENX;VIELLESEGURE;6
MOURENX;LAGOR;2.5
MUSCULDY;PAGOLLE;4
N117-D501;LESCAR;1
N117-D501;PAU;6.5
N117-D509;ARTIGUELOUVE;1.5
N117-D509;N117-D501;2
N121-NA260;MAYA D'EL BAZTAN;4
N121-NA260;ELIZONDO;3.5
N121-NA440;ETCHALAR;4
N121-NA440;BERRIZAUN;2
N134-D716;PAU;7
N134-D918;ISSOR;4.5
N134-D918;ESCOT;5
NABAS;RIVEHAUTE;3
NABAS;LAHERRERE;5
NARP;LAAS;2
NARP;BUGNEIN;5
NARP;MONTESTRUCQ;8.5
NAVAILLES-ANGOS;N134-D716;6
NAVARRENX;SUSMIOU;1.5
NAVARRENX;JASSES;2
NAY;ARROS-DE-NAY;3
ODOS;HORGUES;2.5
ODOS;JUILLAN;3
OGEU-LES-BAINS;BUZIET;2.5
OLHETTE;HERBOURE;1.5
OLORON;GOES;2
OLORON;HERRERE-DE-BAS;7
ORAAS;LE BOURGUET;4
ORAAS;SUD DE SALIES;7
ORDIAP;MUSCULDY;2
ORDIAP;AUSSURUCQ;6
OREGUE (LA HARANNE);ARRAUTE-CHARITTE;4.5
OREGUE (LA HARANNE);BEGUIOS;6
OREGUE (LA HARANNE);ISTURITS;7
ORINCLES;D937-D407;2
ORION;ORRIULE;2.5
ORION;BURGARONNE;4.5
OROIX;PINTAC;3
ORONOZ;SANTESTEBAN;4.5
ORRIULE;NARP;5
ORRIULE;ANDREIN;5.5
ORTHEZ;LANNEPLAA (MIGNOT);4
ORTHEZ;SALLESPISSE;6.5
OS-MARSILLON;ABIDOS;2
OS-MARSILLON;MOURENX;2
OS-MARSILLON;D33-D2;4
OSSUN;PONTACQ;8
OSSUN;JUILLAN;5.5
OSSUN;ADE;6
OSSUN;OSSUN AEROPORT;4
OSSUN AEROPORT;ADE;7
OSTABAT;LARCEVEAU;3
OURSBELILLE;BORDERES-SUR-L'ECHEZ;4
OUSSE;LE HAMEAU D'OUSSE;2.5
OUSSE;ARTIGUELOUTAN;2.5
PAGOLLE;LOHITZUN;8
PARDIES-PIETAT;PONT D'ASSAT;3.5
PAREAC;ORINCLES;2.5
PAREAC;JULOS;2.5
PAU;D2-N134;2
PERRIN;ARTHEZ-DE-BEARN;2.5
PEYREHORADE;LA BOURGADE;9.5
PEYREHORADE;PORT-DE-LANNE;7.5
PEYROU;ARZACQ-ARRAZIGUET;10.5
PEYROUSE;LOUBAJAC;6
PEYROUSE;LOURDES;6.5
PEYROUSE;LOUBAJAC;6
PIERREFITE-NESTALAS;D921-D12;9.5
PIERREFITE-NESTALAS;CAUTERETS;10.5
PINTAC;D2-D93;5
PONSON-DESSUS;OROIX;4
PONSON-DESSUS;PONTIACQ-VIELLEPINTE;6
PONSON-DESSUS;AAST;5
PONT D'ASSAT;RONTIGNON;2.5
PONT DE QUINQUIL;SAINT-PALAIS;4
PONT DE QUINQUIL;UHART-MIXE;3.5
PONT DES GROTTES;SAINT-PE-DE-BIGORRE;3.5
PONT DES GROTTES;GROTTES DE BETHARRAM;2
PONT LATAPIE;LESTELLE-BETHARRAM;4
PONTACQ;CASENAVE;3
PONTACQ;BARZUN;4
PONTIACQ-VIELLEPINTE;VIC-EN-BIGORRE;9.5
PONT-SUZON;BEDOUS;4.5
PONT-SUZON;SARRANCE;2
PORT D'OTXONDO;DANCHARIA;10
PORT-DE-LANNE;BIARROTTE;9.5
POTEAU DE LANNES;HAGETAUBIN;5
POTEAU DE LANNES;PERRIN;3.5
POTEAU DE LANNES;MORLANNE;4.5
POUZAC;BAGNERES-DE-BIGORRE;2.5
PRECHACQ-NAVARRENX;SAUCEDE;2.5
PRECHACQ-NAVARRENX;LUCQ-DE-BEARN;6
PUYOO;SALIES-DE-BEARN;9
PUYOO;LAHONTAN;4.5
PUYOO;LABATUT;6.5
QUARTIER IBARRE;BARDOS;4
QUARTIER NEUF DE SAINT-MARTIN-DE-SEIGNANX;SAINT-MARTIN-DE-SEIGNANX;1.5
QUARTIER NEUF DE SAINT-MARTIN-DE-SEIGNANX;LA PIPETTE (N117);4
REBENACQ;LES PINDATS;7
REBENACQ;GAN;8.5
REBENACQ;SEVIGNACQ-MEYRACQ;6
RIVEHAUTE;D936-D23;7
ROND-POINT D932;D918-D20 EST;4
RONTIGNON;PAU;6.5
ROSPIDE;ORDIAP;2.5
SAINT MARTIN HARRIAGUE;HASPARREN;2.5
SAINT MARTIN HARRIAGUE;D22-D250;6
SAINT-CASTIN;BUROS;3
SAINT-CASTIN;MAUCOR;3.5
SAINT-CASTIN;MORLAAS;4.5
SAINT-CASTIN;NAVAILLES-ANGOS;6
SAINT-CASTIN;LASCLAVERIES;8.5
SAINT-CHRISTAU;ASASP-ARROS;1
SAINT-CHRISTAU;EYSUS;3
SAINT-CHRISTAU;ESCOT;5
SAINT-DOS;D28-D29;2
SAINT-DOS;AUTERRIVE;2
SAINTE-COLOME;SEVIGNACQ-MEYRACQ;2
SAINTE-COLOME;LYS;6.5
SAINTE-ENGRACE;LA CASERNE;5.5
SAINT-ESTEBEN;ISTURITS;4
SAINT-ESTEBEN;BONLOC;6.5
SAINT-ETIENNE-DE-BAIGORRY;SAINT-JEAN-PIED-DE-PORT;11
SAINT-ETIENNE-DE-BAIGORRY;COL D'ISPEGUY;8
SAINT-ETIENNE-DE-BAIGORRY;BANCA;8
SAINT-GOIN;GERONCE;1.5
SAINT-JAMMES;D943-D42;5.5
SAINT-JEAN-DE-LUZ;ASCAIN;6
SAINT-JEAN-DE-LUZ;D912-D913;4
SAINT-JEAN-DE-LUZ NORD;SAINT-JEAN-DE-LUZ;3
SAINT-JEAN-LE-VIEUX;SAINT-JEAN-PIED-DE-PORT;4.5
SAINT-JEAN-LE-VIEUX;LACARRE;4
SAINT-JEAN-PIED-DE-PORT;ARNEGUY;8
SAINT-JEAN-PIED-DE-PORT;SAINT-MARTIN-D'ARROSSA;11
SAINT-JUST-IBARRE;COL D'OSQUICH;4
SAINT-MARTIN-D'ARROSSA;BIDARRAY;6
SAINT-MARTIN-D'ARROSSA;SAINT-ETIENNE-DE-BAIGORRY;8
SAINT-PE-DE-BIGORRE;PEYROUSE;4
SAINT-PEE-SUR-NIVELLE;D255-D755;6
SAINT-PIERRE-D'IRUBE;BAYONNE;3.5
SAINT-SAVIN;PIERREFITE-NESTALAS;3
SAINT-SAVIN;SIREIX;7
SALIES-DE-BEARN;SUD DE SALIES;1.5
SALIES-DE-BEARN;LAVIE;2
SALLESPISSE;SAULT-DE-NAVAILLES;4.5
SARE;COL DE LIZUNIAGA;6
SARE;CHERCHEBRUIT;3.5
SARRANCE;ESCOT;3
SAUBOLE;SERON;3
SAUCEDE;VERDETS;7
SAUGUIS;GOTEIN-LIBARRENX;3.5
SAUGUIS;CAMOU-CIHIGUE;5.5
SAULT-DE-NAVAILLES;HAGETAUBIN;5
SAUVELADE;VIELLESEGURE;5
SAUVELADE;LAGOR;6
SAUVELADE;MASLACQ;7
SEDZERE;ARRIEN;3.5
SEDZERE;MORLAAS;8
SERON;GARDERES;5
SERON;PONSON-DESSUS;4.5
SEVIGNACQ;LASCLAVERIES;3.5
SEVIGNACQ-MEYRACQ;LOUVIE-JUZON;3
SIARROUY;LAGARDE;2
SIMACOURBE;LEMBEYE;5.5
SIMACOURBE;ANOYE;7
SIMACOURBE;SEVIGNACQ;10
SIREIX;ARRAS-EN-LAVEDAN;4
SOUMOULOU;LIMENDOUS;2
SOUMOULOU OUEST;ARTIGUELOUTAN;6
SOUMOULOU OUEST;SOUMOULOU;1.5
SOURAIDE;D918-D20;2
SOURAIDE;SAINT-PEE-SUR-NIVELLE;9.5
SOURAIDE;USTARITZ;7.5
SUD D'ANGAIS;BAUDREIX;2
SUD D'ANGAIS;MIRASSOU;3
SUD DE CAMBO;CAMBO-LES-BAINS;2
SUD DE CAMBO;ITXASSOU;1.5
SUD DE SALIES;SAUVETERRE-DE-BEARN;7
SUSMIOU;GURS;3.5
TARASTEIX;PINTAC;5
TARASTEIX;MONTANER;3
TARASTEIX;OROIX;3.5
TARASTEIX;PONSON-DESSUS;5.5
TARDETS;TROIS-VILLES;2
TARDETS;D26-D759;5
TARDETS;COL DE SUSTARY;3
TELERIA;LA BASTIDE-CLAIRENCE;10
TELERIA;OREGUE (LA HARANNE);3.5
THEZE;CAZAUDEHORE (AURIAC);3.5
THIOU;ORTHEZ;4.5
THIOU;HAGETAUBIN;11.5
TOSTAT;ANDREST;4
TROIS-VILLES;SAUGUIS;3
TROUBETOT;POTEAU DE LANNES;2
TROUBETOT;POTEAU DE LANNES;2
UHALT;CHERAUTE;2.5
UHALT;BURGIA;9.5
UHART-MIXE;OSTABAT;5.5
UNDUREIN;NABAS;6.5
URCURAY;CAMBO-LES-BAINS;5
URCURAY;SAINT MARTIN HARRIAGUE;2.5
URDES;ARTHEZ-DE-BEARN;4
URDES;CESCAU;9.5
URRUGNE;SAINT-JEAN-DE-LUZ;4
URT;D261-D312;12
USTARITZ;ROND-POINT D932;4
USTARITZ;VILLEFRANQUE;6
VALCARLOS;PORT DE RONCEVEAUX;16
VERA-DE-BIDASSOA;COL DE LIZUNIAGA;5
VERA-DE-BIDASSOA;ENDERLAZA;6
VERA-DE-BIDASSOA;MACHAIN;3
VERDETS;LEDEUIX;2
VIC-EN-BIGORRE;CAMALES;3
VIC-EN-BIGORRE;MONTANER;7
VIELLENAVE-DE-NAVARRENX;SUSMIOU;4.5
VIELLENAVE-DE-NAVARRENX;BUGNEIN;2
VIELLENAVE-SUR-BIDOUZE;ARRAUTE-CHARITTE;6
VIELLENAVE-SUR-BIDOUZE;LABASTIDE-VILLEFRANCHE;5.5
VIELLENAVE-SUR-BIDOUZE;LABETS-BISCAY;4.5
VIELLESEGURE;NAVARRENX;8.5
VIELLESEGURE;CLAVERIE;8.5
VIGER;LOURDES;3.5
VILLEFRANQUE;SAINT-PIERRE-D'IRUBE;5
VIODOS;BERROGAIN-LARUNS;1
VIODOS;UNDUREIN;5
VISKER;HIIS;2.5
VISKER;ARCIZAC-ADOUR;2
VISKER;BENAC;5
YANCI;LESACA;4
ZUGARRAMURDI;SARE;7.5